loan_id,account_id,Date,amount,duration,payments,status,Total Amount INR
5314,1787,05-07-2016,96396,12,8033,Loan not payed,347025.6
5316,1801,11-07-2016,165960,36,4610,Contract Finished,597456
6863,9188,28-07-2016,127080,60,2118,Contract Finished,457488
5325,1843,03-08-2016,105804,36,2939,Contract Finished,380894.4
7240,11013,06-09-2016,274740,60,4579,Contract Finished,989064
6687,8261,13-09-2016,87840,24,3660,Contract Finished,316224
7284,11265,15-09-2016,52788,12,4399,Contract Finished,190036.8
6111,5428,24-09-2016,174744,24,7281,Loan not payed,629078.4
7235,10973,13-10-2016,154416,48,3217,Contract Finished,555897.6
5997,4894,04-11-2016,117024,24,4876,Contract Finished,421286.4
7121,10364,10-11-2016,21924,36,609,Contract Finished,78926.4
6077,5270,22-11-2016,79608,24,3317,Contract Finished,286588.8
6228,6034,01-12-2016,464520,60,7742,Loan not payed,1672272
6356,6701,08-12-2016,95400,36,2650,Contract Finished,343440
5523,2705,08-12-2016,93888,36,2608,Contract Finished,337996.8
6456,7123,09-12-2016,47016,12,3918,Contract Finished,169257.6
7104,10320,13-12-2016,259740,60,4329,Contract Finished,935064
6820,9034,16-12-2016,38148,12,3179,Contract Finished,137332.8
6876,9236,21-12-2016,86616,12,7218,Contract Finished,311817.6
7097,10266,23-12-2016,75624,24,3151,Loan not payed,272246.4
4959,2,05-01-2017,80952,24,3373,Contract Finished,291427.2
6499,7401,05-01-2017,80952,24,3373,Contract Finished,291427.2
5479,2486,10-01-2017,24516,12,2043,Contract Finished,88257.6
5170,1071,20-01-2017,253200,60,4220,Running Contract,911520
6721,8475,21-01-2017,21072,24,878,Contract Finished,75859.2
7259,11111,31-01-2017,108144,36,3004,Contract Finished,389318.4
5285,1603,06-02-2017,78936,12,6578,Contract Finished,284169.6
5189,1166,07-02-2017,149040,48,3105,Contract Finished,536544
6650,8073,17-02-2017,49320,12,4110,Loan not payed,177552
7226,10940,23-02-2017,197748,36,5493,Contract Finished,711892.8
6087,5313,27-02-2017,300660,60,5011,Running Contract,1082376
7262,11135,01-03-2017,182628,36,5073,Contract Finished,657460.8
5519,2694,08-03-2017,91632,12,7636,Contract Finished,329875.2
6577,7753,11-03-2017,51696,24,2154,Contract Finished,186105.6
6509,7445,15-03-2017,55368,24,2307,Contract Finished,199324.8
6520,7485,16-03-2017,91200,24,3800,Contract Finished,328320
6699,8330,30-03-2017,7656,24,319,Contract Finished,27561.6
6336,6555,31-03-2017,212400,36,5900,Contract Finished,764640
7055,10079,06-04-2017,167100,60,2785,Running Contract,601560
6103,5385,07-04-2017,149340,60,2489,Running Contract,537624
6202,5891,18-04-2017,65184,12,5432,Contract Finished,234662.4
7066,10131,02-05-2017,215388,36,5983,Loan not payed,775396.8
6696,8321,09-05-2017,89040,60,1484,Running Contract,320544
6072,5256,10-05-2017,193968,36,5388,Contract Finished,698284.8
5130,813,11-05-2017,24312,12,2026,Contract Finished,87523.2
5568,2933,17-05-2017,272520,60,4542,Running Contract,981072
6678,8173,20-05-2017,80340,12,6695,Contract Finished,289224
6998,9833,21-05-2017,97632,12,8136,Contract Finished,351475.2
6580,7769,22-05-2017,196080,48,4085,Contract Finished,705888
6316,6473,26-05-2017,76908,12,6409,Loan not payed,276868.8
6512,7454,26-05-2017,63312,48,1319,Contract Finished,227923.2
6407,6930,26-05-2017,25944,24,1081,Contract Finished,93398.4
5002,173,31-05-2017,104808,12,8734,Contract Finished,377308.8
6647,8051,01-06-2017,208320,48,4340,Contract Finished,749952
7137,10439,03-06-2017,151560,24,6315,Contract Finished,545616
6903,9337,04-06-2017,52128,24,2172,Contract Finished,187660.8
5918,4576,04-06-2017,300204,36,8339,Contract Finished,1080734.4
6642,8027,05-06-2017,77640,12,6470,Contract Finished,279504
6210,5927,06-06-2017,87216,48,1817,Loan not payed,313977.6
6279,6273,07-06-2017,87360,24,3640,Contract Finished,314496
7249,11065,12-06-2017,69360,48,1445,Contract Finished,249696
6736,8558,14-06-2017,288360,60,4806,Running Contract,1038096
6112,5442,17-06-2017,174744,24,7281,Loan not payed,629078.4
5319,1811,23-06-2017,239460,60,3991,Running Contract,862056
6596,7844,25-06-2017,91584,24,3816,Contract Finished,329702.4
5837,4260,29-06-2017,244560,60,4076,Running Contract,880416
5657,3354,05-07-2017,4980,12,415,Contract Finished,17928
5533,2762,05-07-2017,111384,24,4641,Contract Finished,400982.4
6232,6051,08-07-2017,276660,36,7685,Loan not payed,995976
6888,9265,11-07-2017,39576,12,3298,Contract Finished,142473.6
6066,5228,11-07-2017,173808,24,7242,Contract Finished,625708.8
5549,2824,16-07-2017,50460,60,841,Running Contract,181656
5060,426,19-07-2017,252060,60,4201,Client in debt,907416
6004,4937,23-07-2017,143904,24,5996,Contract Finished,518054.4
5126,790,24-07-2017,208128,48,4336,Loan not payed,749260.8
7220,10911,28-07-2017,131292,36,3647,Contract Finished,472651.2
6668,8129,30-07-2017,74736,36,2076,Contract Finished,269049.6
5395,2176,30-07-2017,299088,36,8308,Loan not payed,1076716.8
6836,9093,03-08-2017,189300,60,3155,Running Contract,681480
6064,5215,04-08-2017,14628,12,1219,Contract Finished,52660.8
6919,9403,05-08-2017,120888,36,3358,Contract Finished,435196.8
6841,9104,07-08-2017,172080,48,3585,Contract Finished,619488
6038,5120,10-08-2017,323472,48,6739,Contract Finished,1164499.2
6729,8519,11-08-2017,74688,12,6224,Contract Finished,268876.8
7198,10788,23-08-2017,45768,12,3814,Contract Finished,164764.8
6686,8260,25-08-2017,224604,36,6239,Contract Finished,808574.4
5836,4259,27-08-2017,79632,24,3318,Contract Finished,286675.2
7061,10105,27-08-2017,121896,24,5079,Contract Finished,438825.6
5595,3050,02-09-2017,82896,12,6908,Contract Finished,298425.6
5723,3674,10-09-2017,23628,12,1969,Contract Finished,85060.8
6120,5481,11-09-2017,209184,48,4358,Contract Finished,753062.4
6895,9307,19-09-2017,41904,12,3492,Contract Finished,150854.4
5882,4427,26-09-2017,87816,12,7318,Contract Finished,316137.6
5754,3834,28-09-2017,23052,12,1921,Contract Finished,82987.2
6594,7824,28-09-2017,189696,24,7904,Loan not payed,682905.6
6738,8566,29-09-2017,230220,36,6395,Loan not payed,828792
6624,7965,30-09-2017,71460,12,5955,Contract Finished,257256
6216,5952,30-09-2017,141240,24,5885,Contract Finished,508464
6229,6040,02-10-2017,11736,24,489,Contract Finished,42249.6
5887,4448,03-10-2017,192744,36,5354,Contract Finished,693878.4
6808,8982,12-10-2017,227880,36,6330,Contract Finished,820368
6297,6363,25-10-2017,17508,12,1459,Contract Finished,63028.8
5161,1012,28-10-2017,98184,24,4091,Contract Finished,353462.4
5390,2167,30-10-2017,170256,24,7094,Contract Finished,612921.6
6150,5622,02-11-2017,83016,12,6918,Contract Finished,298857.6
6223,5991,03-11-2017,61056,48,1272,Contract Finished,219801.6
5032,290,03-11-2017,123696,48,2577,Contract Finished,445305.6
6253,6148,04-11-2017,59760,24,2490,Contract Finished,215136
6460,7133,06-11-2017,48672,36,1352,Contract Finished,175219.2
6645,8041,06-11-2017,140400,36,3900,Contract Finished,505440
5176,1106,12-11-2017,192552,24,8023,Loan not payed,693187.2
5269,1527,19-11-2017,164052,36,4557,Loan not payed,590587.2
5351,1978,04-12-2017,205200,36,5700,Contract Finished,738720
5861,4337,08-12-2017,51408,24,2142,Contract Finished,185068.8
5450,2345,11-12-2017,199680,60,3328,Running Contract,718848
7142,10451,19-12-2017,482940,60,8049,Client in debt,1738584
6306,6425,20-12-2017,36684,12,3057,Contract Finished,132062.4
6272,6226,20-12-2017,398640,60,6644,Running Contract,1435104
5044,344,21-12-2017,100980,60,1683,Running Contract,363528
5576,2962,21-12-2017,31248,12,2604,Contract Finished,112492.8
7192,10738,21-12-2017,115992,36,3222,Contract Finished,417571.2
5739,3747,02-01-2018,76380,12,6365,Contract Finished,274968
6526,7523,03-01-2018,288468,36,8013,Contract Finished,1038484.8
5624,3166,03-01-2018,177744,48,3703,Client in debt,639878.4
6244,6118,08-01-2018,270648,36,7518,Loan not payed,974332.8
5131,816,08-01-2018,48624,24,2026,Contract Finished,175046.4
6960,9640,11-01-2018,76416,24,3184,Contract Finished,275097.6
6358,6715,14-01-2018,137880,60,2298,Client in debt,496368
5418,2245,16-01-2018,347952,48,7249,Running Contract,1252627.2
6598,7857,18-01-2018,68112,12,5676,Contract Finished,245203.2
5464,2419,30-01-2018,95808,12,7984,Contract Finished,344908.8
6591,7819,02-02-2018,20832,48,434,Running Contract,74995.2
5724,3678,05-02-2018,316140,60,5269,Client in debt,1138104
6315,6472,06-02-2018,43164,12,3597,Contract Finished,155390.4
5876,4413,08-02-2018,221280,48,4610,Running Contract,796608
6986,9750,11-02-2018,151728,48,3161,Client in debt,546220.8
6294,6353,12-02-2018,79920,60,1332,Running Contract,287712
5132,817,17-02-2018,538500,60,8975,Running Contract,1938600
5877,4414,23-02-2018,97224,24,4051,Contract Finished,350006.4
6227,6030,04-03-2018,28248,24,1177,Contract Finished,101692.8
7241,11021,04-03-2018,168984,24,7041,Loan not payed,608342.4
6737,8564,11-03-2018,76680,24,3195,Contract Finished,276048
7004,9869,15-03-2018,331560,60,5526,Running Contract,1193616
6169,5700,16-03-2018,103680,60,1728,Client in debt,373248
5208,1247,16-03-2018,99696,48,2077,Client in debt,358905.6
6694,8316,19-03-2018,134784,24,5616,Contract Finished,485222.4
5599,3064,21-03-2018,15420,12,1285,Contract Finished,55512
6546,7607,27-03-2018,31728,24,1322,Contract Finished,114220.8
5414,2228,29-03-2018,185952,48,3874,Running Contract,669427.2
5453,2361,01-04-2018,156672,36,4352,Contract Finished,564019.2
5740,3752,02-04-2018,18564,12,1547,Contract Finished,66830.4
5804,4079,05-04-2018,158976,48,3312,Running Contract,572313.6
6745,8625,10-04-2018,47304,24,1971,Contract Finished,170294.4
6950,9591,11-04-2018,104712,24,4363,Contract Finished,376963.2
6996,9828,13-04-2018,126600,24,5275,Contract Finished,455760
5352,1993,15-04-2018,68400,12,5700,Loan not payed,246240
6151,5628,25-04-2018,225420,60,3757,Running Contract,811512
5310,1762,28-04-2018,248148,36,6893,Contract Finished,893332.8
5045,347,01-05-2018,187224,24,7801,Loan not payed,674006.4
6929,9472,08-05-2018,36396,12,3033,Contract Finished,131025.6
5151,960,24-05-2018,189060,60,3151,Running Contract,680616
5212,1256,29-05-2018,71064,36,1974,Contract Finished,255830.4
5138,854,30-05-2018,87216,48,1817,Running Contract,313977.6
5713,3629,30-05-2018,158760,60,2646,Running Contract,571536
6704,8377,01-06-2018,417060,60,6951,Running Contract,1501416
6474,7190,06-06-2018,63360,60,1056,Running Contract,228096
6676,8159,13-06-2018,29784,24,1241,Contract Finished,107222.4
6965,9656,13-06-2018,139536,24,5814,Contract Finished,502329.6
6725,8489,23-06-2018,265320,36,7370,Contract Finished,955152
7166,10630,24-06-2018,198240,24,8260,Contract Finished,713664
7138,10440,03-07-2018,60000,60,1000,Running Contract,216000
5970,4774,09-07-2018,465072,48,9689,Running Contract,1674259.2
6157,5650,10-07-2018,98592,24,4108,Contract Finished,354931.2
6153,5632,25-07-2018,285600,60,4760,Running Contract,1028160
5693,3489,01-08-2018,44088,24,1837,Contract Finished,158716.8
5922,4580,05-08-2018,20220,12,1685,Contract Finished,72792
5959,4727,11-08-2018,107640,24,4485,Contract Finished,387504
5980,4825,18-08-2018,21396,12,1783,Contract Finished,77025.6
6764,8776,26-08-2018,33984,48,708,Running Contract,122342.4
5237,1375,29-08-2018,45336,24,1889,Contract Finished,163209.6
6726,8492,03-09-2018,85860,60,1431,Running Contract,309096
6933,9493,09-09-2018,188688,48,3931,Running Contract,679276.8
5145,915,16-09-2018,309552,48,6449,Running Contract,1114387.2
7008,9897,22-09-2018,36168,12,3014,Contract Finished,130204.8
7227,10942,02-10-2018,314520,60,5242,Running Contract,1132272
6600,7861,08-10-2018,21852,36,607,Contract Finished,78667.2
6712,8405,14-10-2018,266220,60,4437,Running Contract,958392
7057,10093,20-10-2018,231696,36,6436,Contract Finished,834105.6
7176,10663,28-10-2018,260028,36,7223,Contract Finished,936100.8
7304,11349,29-10-2018,419880,60,6998,Running Contract,1511568
6362,6738,31-10-2018,37908,12,3159,Contract Finished,136468.8
5880,4423,31-10-2018,73836,36,2051,Contract Finished,265809.6
6535,7546,02-11-2018,41952,12,3496,Contract Finished,151027.2
5449,2343,04-11-2018,99336,24,4139,Contract Finished,357609.6
6342,6609,12-11-2018,60156,36,1671,Loan not payed,216561.6
5409,2218,18-11-2018,182040,60,3034,Running Contract,655344
6955,9627,22-11-2018,244368,48,5091,Running Contract,879724.8
6985,9731,22-11-2018,113796,36,3161,Contract Finished,409665.6
5125,789,23-11-2018,73056,48,1522,Running Contract,263001.6
5805,4081,28-11-2018,137904,24,5746,Loan not payed,496454.4
6185,5774,28-11-2018,31176,24,1299,Contract Finished,112233.6
7243,11042,04-12-2018,217152,36,6032,Contract Finished,781747.2
6403,6924,05-12-2018,194880,48,4060,Running Contract,701568
6578,7765,11-12-2018,27984,12,2332,Contract Finished,100742.4
5413,2227,12-12-2018,92976,24,3874,Contract Finished,334713.6
6949,9583,12-12-2018,104712,24,4363,Contract Finished,376963.2
6545,7606,12-12-2018,191880,60,3198,Running Contract,690768
6178,5742,16-12-2018,232560,48,4845,Running Contract,837216
5160,1011,18-12-2018,204000,60,3400,Running Contract,734400
6785,8899,25-12-2018,125340,60,2089,Running Contract,451224
6540,7562,31-12-2018,309600,48,6450,Running Contract,1114560
6589,7815,01-01-2019,189696,24,7904,Contract Finished,682905.6
5900,4503,01-01-2019,135360,48,2820,Running Contract,487296
5999,4907,03-01-2019,98832,48,2059,Running Contract,355795.2
6043,5126,11-01-2019,20352,48,424,Running Contract,73267.2
5482,2496,12-01-2019,165120,60,2752,Running Contract,594432
7263,11138,19-01-2019,89880,24,3745,Contract Finished,323568
6013,4995,03-02-2019,128988,36,3583,Client in debt,464356.8
5750,3804,08-02-2019,63252,12,5271,Contract Finished,227707.2
6027,5066,10-02-2019,61656,24,2569,Loan not payed,221961.6
6303,6400,12-02-2019,72408,24,3017,Loan not payed,260668.8
7213,10884,13-02-2019,113544,36,3154,Running Contract,408758.4
6659,8092,20-02-2019,56100,60,935,Running Contract,201960
6175,5735,21-02-2019,290700,60,4845,Client in debt,1046520
5610,3112,24-02-2019,123216,48,2567,Running Contract,443577.6
5563,2912,01-03-2019,380160,60,6336,Running Contract,1368576
5989,4852,04-03-2019,213300,36,5925,Running Contract,767880
6698,8327,10-03-2019,247728,48,5161,Running Contract,891820.8
5312,1772,13-03-2019,202788,36,5633,Running Contract,730036.8
7189,10728,21-03-2019,154656,48,3222,Running Contract,556761.6
6816,9017,26-03-2019,100224,48,2088,Client in debt,360806.4
6137,5574,10-04-2019,44628,12,3719,Contract Finished,160660.8
5128,808,11-04-2019,215616,48,4492,Client in debt,776217.6
5470,2456,15-04-2019,200976,48,4187,Running Contract,723513.6
5593,3037,18-04-2019,277884,36,7719,Client in debt,1000382.4
5350,1967,21-04-2019,249312,48,5194,Running Contract,897523.2
6063,5213,25-04-2019,320976,48,6687,Client in debt,1155513.6
6501,7418,29-04-2019,30276,12,2523,Loan not payed,108993.6
5452,2352,29-04-2019,49440,60,824,Running Contract,177984
4961,19,29-04-2019,30276,12,2523,Loan not payed,108993.6
4973,67,02-05-2019,165960,24,6915,Contract Finished,597456
6190,5794,06-05-2019,123600,60,2060,Running Contract,444960
6715,8411,06-05-2019,220620,60,3677,Running Contract,794232
5892,4462,14-05-2019,66480,24,2770,Loan not payed,239328
6550,7614,18-05-2019,320592,48,6679,Running Contract,1154131.2
5706,3608,24-05-2019,161496,36,4486,Running Contract,581385.6
5148,940,29-05-2019,284280,60,4738,Running Contract,1023408
6734,8547,30-05-2019,173016,36,4806,Running Contract,622857.6
6109,5422,03-06-2019,368880,60,6148,Running Contract,1327968
6961,9645,06-06-2019,176148,36,4893,Running Contract,634132.8
6810,9006,08-06-2019,186384,48,3883,Running Contract,670982.4
5494,2572,13-06-2019,360000,48,7500,Running Contract,1296000
5311,1766,15-06-2019,30060,60,501,Running Contract,108216
5445,2322,29-06-2019,46320,24,1930,Contract Finished,166752
5301,1698,06-07-2019,141948,36,3943,Running Contract,511012.8
7034,10001,11-07-2019,19044,36,529,Running Contract,68558.4
6751,8680,14-07-2019,85716,36,2381,Running Contract,308577.6
6667,8127,15-07-2019,155880,24,6495,Contract Finished,561168
6130,5541,18-07-2019,32640,48,680,Running Contract,117504
5429,2268,18-07-2019,20196,36,561,Running Contract,72705.6
5725,3679,23-07-2019,444864,48,9268,Running Contract,1601510.4
6019,5033,25-07-2019,11400,12,950,Contract Finished,41040
6421,6985,25-07-2019,96768,36,2688,Running Contract,348364.8
6992,9790,27-07-2019,133968,48,2791,Running Contract,482284.8
5136,846,28-07-2019,187104,24,7796,Contract Finished,673574.4
5337,1886,31-07-2019,162468,36,4513,Running Contract,584884.8
5495,2580,02-08-2019,89340,60,1489,Running Contract,321624
7013,9928,02-08-2019,89340,60,1489,Running Contract,321624
6012,4994,03-08-2019,258444,36,7179,Running Contract,930398.4
6471,7184,04-08-2019,155640,24,6485,Contract Finished,560304
6296,6358,06-08-2019,270384,48,5633,Running Contract,973382.4
7305,11359,06-08-2019,54024,12,4502,Contract Finished,194486.4
6144,5593,09-08-2019,44376,12,3698,Contract Finished,159753.6
6283,6289,11-08-2019,85632,48,1784,Running Contract,308275.2
7246,11054,20-08-2019,148920,60,2482,Running Contract,536112
5088,544,22-08-2019,91152,24,3798,Contract Finished,328147.2
5988,4851,22-08-2019,141648,24,5902,Contract Finished,509932.8
5282,1583,24-08-2019,388512,48,8094,Client in debt,1398643.2
5938,4650,25-08-2019,402000,60,6700,Running Contract,1447200
5606,3084,28-08-2019,253512,36,7042,Client in debt,912643.2
5385,2143,09-09-2019,71460,36,1985,Running Contract,257256
6865,9199,11-09-2019,29448,12,2454,Loan not payed,106012.8
5586,2994,14-09-2019,48744,36,1354,Running Contract,175478.4
6302,6397,16-09-2019,181020,60,3017,Running Contract,651672
7194,10762,17-09-2019,68832,36,1912,Running Contract,247795.2
6461,7136,19-09-2019,74124,36,2059,Running Contract,266846.4
6732,8533,19-09-2019,174048,48,3626,Running Contract,626572.8
6613,7926,22-09-2019,84120,24,3505,Contract Finished,302832
7036,10019,25-09-2019,194940,36,5415,Running Contract,701784
5897,4476,25-09-2019,15192,24,633,Contract Finished,54691.2
6995,9814,26-09-2019,96168,12,8014,Contract Finished,346204.8
5415,2236,26-09-2019,139464,36,3874,Client in debt,502070.4
7136,10436,28-09-2019,54396,36,1511,Running Contract,195825.6
7271,11186,02-10-2019,392460,60,6541,Running Contract,1412856
5375,2106,03-10-2019,101520,12,8460,Contract Finished,365472
5635,3230,04-10-2019,77184,36,2144,Running Contract,277862.4
6817,9024,04-10-2019,70656,48,1472,Running Contract,254361.6
5923,4585,10-10-2019,64656,48,1347,Running Contract,232761.6
5329,1862,16-10-2019,396120,60,6602,Running Contract,1426032
6644,8039,20-10-2019,93600,24,3900,Contract Finished,336960
6354,6688,23-10-2019,22968,36,638,Running Contract,82684.8
5082,501,24-10-2019,262980,60,4383,Running Contract,946728
6585,7795,29-10-2019,372120,60,6202,Running Contract,1339632
6921,9422,29-10-2019,86184,12,7182,Contract Finished,310262.4
5366,2062,29-10-2019,86184,12,7182,Contract Finished,310262.4
5886,4447,31-10-2019,192744,36,5354,Running Contract,693878.4
5741,3754,03-11-2019,68544,24,2856,Contract Finished,246758.4
4996,132,06-11-2019,88440,12,7370,Contract Finished,318384
6015,5001,09-11-2019,110112,24,4588,Contract Finished,396403.2
6309,6434,11-11-2019,110136,24,4589,Contract Finished,396489.6
6073,5263,12-11-2019,276300,60,4605,Running Contract,994680
6006,4948,15-11-2019,359760,60,5996,Running Contract,1295136
5611,3115,15-11-2019,321180,60,5353,Running Contract,1156248
6944,9548,15-11-2019,46176,48,962,Running Contract,166233.6
7101,10297,18-11-2019,421008,48,8771,Running Contract,1515628.8
6599,7859,19-11-2019,72120,12,6010,Contract Finished,259632
6940,9510,22-11-2019,228276,36,6341,Running Contract,821793.6
5209,1250,25-11-2019,182640,48,3805,Running Contract,657504
5388,2153,28-11-2019,61560,12,5130,Contract Finished,221616
6011,4981,28-11-2019,179328,48,3736,Running Contract,645580.8
5591,3021,04-12-2019,155616,48,3242,Running Contract,560217.6
7154,10520,05-12-2019,417600,60,6960,Running Contract,1503360
7130,10411,11-12-2019,123408,24,5142,Contract Finished,444268.8
6818,9030,12-12-2019,155616,48,3242,Running Contract,560217.6
5625,3189,15-12-2019,222180,60,3703,Client in debt,799848
6805,8972,21-12-2019,45024,48,938,Running Contract,162086.4
7233,10963,25-12-2019,115812,36,3217,Running Contract,416923.2
7308,11362,27-12-2019,129408,24,5392,Contract Finished,465868.8
5895,4473,03-01-2020,93960,60,1566,Running Contract,338256
7122,10365,04-01-2020,260640,36,7240,Client in debt,938304
6173,5724,08-01-2020,232560,48,4845,Running Contract,837216
6142,5591,21-01-2020,221880,60,3698,Running Contract,798768
5358,2018,21-01-2020,38520,12,3210,Contract Finished,138672
6095,5358,24-01-2020,68340,60,1139,Running Contract,246024
6878,9242,24-01-2020,23184,12,1932,Contract Finished,83462.4
6554,7637,29-01-2020,390096,48,8127,Running Contract,1404345.6
6793,8931,30-01-2020,186300,60,3105,Running Contract,670680
7286,11271,31-01-2020,67320,36,1870,Running Contract,242352
6076,5269,02-02-2020,117420,60,1957,Running Contract,422712
5134,825,02-02-2020,53076,12,4423,Contract Finished,191073.6
5419,2246,05-02-2020,415800,60,6930,Running Contract,1496880
6255,6158,08-02-2020,247920,48,5165,Client in debt,892512
5656,3353,09-02-2020,146064,24,6086,Running Contract,525830.4
6934,9494,09-02-2020,116832,12,9736,Contract Finished,420595.2
6028,5072,09-02-2020,317520,60,5292,Running Contract,1143072
6490,7262,10-02-2020,73260,60,1221,Running Contract,263736
6415,6950,12-02-2020,475680,48,9910,Running Contract,1712448
7087,10215,20-02-2020,44304,24,1846,Running Contract,159494.4
5420,2247,24-02-2020,72504,24,3021,Running Contract,261014.4
5977,4803,25-02-2020,59136,48,1232,Running Contract,212889.6
6824,9052,26-02-2020,71976,24,2999,Client in debt,259113.6
5207,1244,28-02-2020,35904,48,748,Running Contract,129254.4
7115,10351,04-03-2020,88704,48,1848,Running Contract,319334.4
7250,11069,04-03-2020,119136,48,2482,Running Contract,428889.6
6010,4969,06-03-2020,150180,60,2503,Running Contract,540648
6088,5317,07-03-2020,90180,36,2505,Running Contract,324648
5682,3455,07-03-2020,67464,12,5622,Contract Finished,242870.4
7201,10807,07-03-2020,67464,12,5622,Contract Finished,242870.4
6938,9504,10-03-2020,341280,60,5688,Running Contract,1228608
6875,9235,13-03-2020,83280,48,1735,Running Contract,299808
5953,4715,14-03-2020,97176,24,4049,Running Contract,349833.6
5942,4681,15-03-2020,162624,48,3388,Running Contract,585446.4
5382,2134,17-03-2020,22932,36,637,Running Contract,82555.2
6377,6792,17-03-2020,17184,12,1432,Contract Finished,61862.4
5931,4618,17-03-2020,66696,24,2779,Client in debt,240105.6
5992,4863,18-03-2020,76080,12,6340,Contract Finished,273888
5790,4033,20-03-2020,84288,48,1756,Running Contract,303436.8
6753,8688,20-03-2020,67980,12,5665,Contract Finished,244728
6562,7674,21-03-2020,94488,24,3937,Running Contract,340156.8
7046,10049,28-03-2020,91632,12,7636,Contract Finished,329875.2
5868,4361,29-03-2020,90156,12,7513,Contract Finished,324561.6
5784,3967,29-03-2020,84600,36,2350,Client in debt,304560
5878,4415,01-04-2020,74040,12,6170,Contract Finished,266544
5110,675,01-04-2020,102240,60,1704,Running Contract,368064
5210,1252,01-04-2020,148140,36,4115,Running Contract,533304
7230,10954,02-04-2020,18720,60,312,Running Contract,67392
5005,176,10-04-2020,27456,12,2288,Contract Finished,98841.6
6871,9225,13-04-2020,164256,48,3422,Running Contract,591321.6
5363,2051,22-04-2020,293880,60,4898,Client in debt,1057968
7253,11079,26-04-2020,98304,12,8192,Contract Finished,353894.4
6055,5181,28-04-2020,399120,60,6652,Running Contract,1436832
5072,472,28-04-2020,196800,24,8200,Client in debt,708480
6913,9377,29-04-2020,99936,24,4164,Running Contract,359769.6
6386,6856,30-04-2020,124344,36,3454,Running Contract,447638.4
5634,3229,01-05-2020,39024,12,3252,Contract Finished,140486.4
5758,3859,02-05-2020,307200,60,5120,Client in debt,1105920
6819,9031,03-05-2020,50112,24,2088,Running Contract,180403.2
7088,10233,03-05-2020,239160,60,3986,Running Contract,860976
5039,314,03-05-2020,66840,24,2785,Running Contract,240624
5532,2754,04-05-2020,335280,48,6985,Running Contract,1207008
6037,5118,04-05-2020,53232,48,1109,Running Contract,191635.2
6322,6510,06-05-2020,76992,24,3208,Running Contract,277171.2
6887,9263,08-05-2020,39576,12,3298,Contract Finished,142473.6
6660,8094,09-05-2020,220428,36,6123,Running Contract,793540.8
5451,2350,11-05-2020,159744,48,3328,Running Contract,575078.4
6014,4999,18-05-2020,165168,36,4588,Running Contract,594604.8
5556,2872,19-05-2020,268320,60,4472,Running Contract,965952
6346,6649,22-05-2020,100260,60,1671,Running Contract,360936
5850,4293,22-05-2020,164196,36,4561,Running Contract,591105.6
5940,4660,28-05-2020,106944,24,4456,Running Contract,384998.4
7119,10361,02-06-2020,86880,12,7240,Contract Finished,312768
5253,1447,03-06-2020,100080,48,2085,Running Contract,360288
6851,9138,03-06-2020,272220,60,4537,Client in debt,979992
6695,8320,04-06-2020,309660,60,5161,Running Contract,1114776
6908,9353,08-06-2020,188616,24,7859,Running Contract,679017.6
7255,11096,09-06-2020,213300,60,3555,Running Contract,767880
5674,3418,10-06-2020,207264,48,4318,Running Contract,746150.4
6278,6265,10-06-2020,87360,24,3640,Running Contract,314496
5486,2516,13-06-2020,466608,48,9721,Running Contract,1679788.8
5174,1093,13-06-2020,385104,48,8023,Running Contract,1386374.4
6621,7957,14-06-2020,42900,12,3575,Contract Finished,154440
6313,6461,15-06-2020,150912,36,4192,Running Contract,543283.2
6435,7045,16-06-2020,288720,48,6015,Running Contract,1039392
6970,9677,17-06-2020,31620,60,527,Running Contract,113832
6310,6440,17-06-2020,34572,12,2881,Contract Finished,124459.2
5932,4626,18-06-2020,33348,12,2779,Contract Finished,120052.8
6877,9241,19-06-2020,285240,60,4754,Running Contract,1026864
6763,8772,19-06-2020,88272,48,1839,Running Contract,317779.2
7085,10202,19-06-2020,305424,48,6363,Running Contract,1099526.4
7049,10063,24-06-2020,233424,36,6484,Running Contract,840326.4
6959,9633,30-06-2020,59448,24,2477,Client in debt,214012.8
5214,1270,01-07-2020,74772,36,2077,Running Contract,269179.2
6350,6678,09-07-2020,294384,48,6133,Running Contract,1059782.4
5063,442,10-07-2020,357840,48,7455,Client in debt,1288224
5041,319,11-07-2020,369000,60,6150,Running Contract,1328400
5086,525,16-07-2020,210384,48,4383,Running Contract,757382.4
6942,9513,16-07-2020,18324,12,1527,Contract Finished,65966.4
5270,1528,21-07-2020,191088,48,3981,Running Contract,687916.8
6705,8381,25-07-2020,333648,48,6951,Client in debt,1201132.8
7051,10068,28-07-2020,77808,12,6484,Contract Finished,280108.8
6758,8742,29-07-2020,33144,12,2762,Contract Finished,119318.4
6249,6138,30-07-2020,67608,24,2817,Running Contract,243388.8
5808,4099,31-07-2020,41856,48,872,Running Contract,150681.6
5377,2116,04-08-2020,92400,12,7700,Contract Finished,332640
5446,2334,04-08-2020,48312,24,2013,Running Contract,173923.2
5856,4320,09-08-2020,51360,12,4280,Loan not payed,184896
4986,97,10-08-2020,102876,12,8573,Contract Finished,370353.6
7001,9859,10-08-2020,300600,60,5010,Running Contract,1082160
6677,8169,12-08-2020,97980,60,1633,Running Contract,352728
6665,8114,15-08-2020,99300,60,1655,Running Contract,357480
5817,4127,15-08-2020,100800,24,4200,Client in debt,362880
6984,9730,15-08-2020,116040,60,1934,Running Contract,417744
6541,7565,17-08-2020,153504,48,3198,Running Contract,552614.4
5117,718,20-08-2020,76944,12,6412,Contract Finished,276998.4
6097,5362,21-08-2020,202848,48,4226,Running Contract,730252.8
5389,2165,22-08-2020,78600,24,3275,Running Contract,282960
7219,10905,23-08-2020,57120,48,1190,Running Contract,205632
6338,6592,24-08-2020,390660,60,6511,Running Contract,1406376
6922,9424,26-08-2020,83628,36,2323,Running Contract,301060.8
5367,2064,26-08-2020,83628,36,2323,Running Contract,301060.8
5638,3249,27-08-2020,68124,12,5677,Contract Finished,245246.4
5830,4190,28-08-2020,405780,60,6763,Running Contract,1460808
5338,1888,30-08-2020,57360,12,4780,Loan not payed,206496
6007,4949,30-08-2020,289920,48,6040,Running Contract,1043712
6612,7907,31-08-2020,97392,12,8116,Contract Finished,350611.2
5718,3637,01-09-2020,14028,12,1169,Contract Finished,50500.8
6104,5395,05-09-2020,158184,36,4394,Running Contract,569462.4
5229,1329,06-09-2020,23520,12,1960,Contract Finished,84672
6625,7966,07-09-2020,473280,60,7888,Client in debt,1703808
5206,1242,07-09-2020,128544,24,5356,Running Contract,462758.4
5963,4746,07-09-2020,204780,60,3413,Running Contract,737208
4990,110,08-09-2020,162576,36,4516,Running Contract,585273.6
6641,8026,09-09-2020,128268,36,3563,Running Contract,461764.8
5369,2080,12-09-2020,214596,36,5961,Running Contract,772545.6
6196,5837,14-09-2020,177804,36,4939,Running Contract,640094.4
5236,1374,15-09-2020,389136,48,8107,Running Contract,1400889.6
5719,3664,20-09-2020,271584,48,5658,Running Contract,977702.4
5643,3273,21-09-2020,94512,12,7876,Loan not payed,340243.2
7050,10065,23-09-2020,311232,48,6484,Running Contract,1120435.2
6355,6699,24-09-2020,127200,48,2650,Running Contract,457920
6688,8268,26-09-2020,8616,24,359,Running Contract,31017.6
6239,6083,28-09-2020,360864,48,7518,Client in debt,1299110.4
5531,2753,30-09-2020,66432,24,2768,Running Contract,239155.2
6113,5445,01-10-2020,78696,36,2186,Running Contract,283305.6
7181,10679,02-10-2020,197808,24,8242,Running Contract,712108.8
6118,5477,04-10-2020,349392,48,7279,Running Contract,1257811.2
7264,11141,07-10-2020,44940,12,3745,Contract Finished,161784
5343,1906,08-10-2020,44952,24,1873,Running Contract,161827.2
5051,378,11-10-2020,230400,60,3840,Running Contract,829440
5779,3942,14-10-2020,107352,36,2982,Running Contract,386467.2
6605,7890,14-10-2020,79344,48,1653,Running Contract,285638.4
6655,8085,17-10-2020,260400,60,4340,Client in debt,937440
6534,7542,19-10-2020,590820,60,9847,Running Contract,2126952
5681,3448,20-10-2020,68664,24,2861,Running Contract,247190.4
6607,7894,21-10-2020,153144,36,4254,Running Contract,551318.4
6242,6097,22-10-2020,26208,36,728,Running Contract,94348.8
7242,11027,23-10-2020,48096,24,2004,Running Contract,173145.6
7277,11231,24-10-2020,89280,12,7440,Contract Finished,321408
6675,8158,01-11-2020,238716,36,6631,Running Contract,859377.6
5398,2187,04-11-2020,53472,12,4456,Contract Finished,192499.2
5956,4725,04-11-2020,168264,36,4674,Running Contract,605750.4
5731,3711,05-11-2020,460980,60,7683,Client in debt,1659528
6956,9631,09-11-2020,59448,24,2477,Running Contract,214012.8
6437,7052,09-11-2020,63972,36,1777,Client in debt,230299.2
5447,2335,12-11-2020,541200,60,9020,Client in debt,1948320
5973,4784,24-11-2020,219456,48,4572,Running Contract,790041.6
6075,5267,26-11-2020,129312,24,5388,Client in debt,465523.2
5281,1580,27-11-2020,194256,24,8094,Running Contract,699321.6
5103,666,28-11-2020,12540,12,1045,Contract Finished,45144
6468,7176,30-11-2020,203940,60,3399,Running Contract,734184
7209,10857,30-11-2020,385560,60,6426,Client in debt,1388016
5584,2986,06-12-2020,24792,24,1033,Running Contract,89251.2
4988,103,06-12-2020,265320,36,7370,Client in debt,955152
6502,7424,08-12-2020,30276,12,2523,Contract Finished,108993.6
5651,3329,08-12-2020,19248,12,1604,Contract Finished,69292.8
4962,25,08-12-2020,30276,12,2523,Contract Finished,108993.6
5862,4342,09-12-2020,100128,24,4172,Running Contract,360460.8
7199,10789,09-12-2020,45768,12,3814,Contract Finished,164764.8
6727,8505,10-12-2020,42840,12,3570,Contract Finished,154224
7279,11244,11-12-2020,155760,24,6490,Running Contract,560736
6544,7594,11-12-2020,130464,48,2718,Running Contract,469670.4
5933,4631,13-12-2020,87528,24,3647,Running Contract,315100.8
6574,7745,20-12-2020,77544,36,2154,Running Contract,279158.4
6399,6902,21-12-2020,49320,36,1370,Running Contract,177552
7187,10711,24-12-2020,24180,60,403,Running Contract,87048
6353,6686,25-12-2020,116496,24,4854,Running Contract,419385.6
5043,339,25-12-2020,468060,60,7801,Running Contract,1685016
5469,2445,26-12-2020,293160,60,4886,Running Contract,1055376
5976,4794,27-12-2020,465504,48,9698,Client in debt,1675814.4
6059,5196,28-12-2020,79824,12,6652,Contract Finished,287366.4
5799,4052,28-12-2020,106128,36,2948,Running Contract,382060.8
6147,5602,28-12-2020,177504,48,3698,Running Contract,639014.4
6254,6157,28-12-2020,247920,48,5165,Running Contract,892512
7100,10280,31-12-2020,348120,60,5802,Running Contract,1253232
7147,10478,02-01-2021,267600,48,5575,Running Contract,963360
5909,4550,03-01-2021,61320,60,1022,Running Contract,220752
7037,10022,03-01-2021,218064,48,4543,Running Contract,785030.4
5782,3953,04-01-2021,63576,12,5298,Running Contract,228873.6
6237,6075,06-01-2021,407952,48,8499,Client in debt,1468627.2
6552,7632,08-01-2021,170448,48,3551,Running Contract,613612.8
7067,10134,11-01-2021,136368,24,5682,Running Contract,490924.8
5320,1819,11-01-2021,143676,36,3991,Running Contract,517233.6
5930,4616,12-01-2021,66696,24,2779,Running Contract,240105.6
6486,7240,15-01-2021,152160,60,2536,Running Contract,547776
5245,1407,17-01-2021,125472,24,5228,Running Contract,451699.2
6643,8038,18-01-2021,35856,24,1494,Running Contract,129081.6
5260,1480,19-01-2021,123300,36,3425,Running Contract,443880
5569,2936,20-01-2021,504000,60,8400,Running Contract,1814400
7110,10345,21-01-2021,31260,12,2605,Running Contract,112536
7139,10445,22-01-2021,23412,12,1951,Running Contract,84283.2
6791,8926,23-01-2021,566640,60,9444,Running Contract,2039904
5360,2035,25-01-2021,176328,36,4898,Running Contract,634780.8
5287,1638,26-01-2021,64224,24,2676,Running Contract,231206.4
6553,7636,26-01-2021,42384,12,3532,Running Contract,152582.4
7072,10148,27-01-2021,22104,12,1842,Running Contract,79574.4
6044,5133,27-01-2021,57060,12,4755,Running Contract,205416
5332,1869,29-01-2021,37944,36,1054,Running Contract,136598.4
6866,9201,05-02-2021,122472,24,5103,Running Contract,440899.2
6633,7997,05-02-2021,160656,24,6694,Running Contract,578361.6
6926,9455,07-02-2021,374760,60,6246,Running Contract,1349136
6442,7082,08-02-2021,194160,48,4045,Running Contract,698976
5889,4456,09-02-2021,321240,60,5354,Running Contract,1156464
5765,3875,10-02-2021,153936,24,6414,Running Contract,554169.6
5124,785,12-02-2021,156096,36,4336,Running Contract,561945.6
5491,2545,13-02-2021,428784,48,8933,Running Contract,1543622.4
6730,8523,15-02-2021,93036,12,7753,Running Contract,334929.6
7151,10493,18-02-2021,133800,24,5575,Running Contract,481680
5140,873,24-02-2021,178500,60,2975,Running Contract,642600
7171,10650,24-02-2021,196224,48,4088,Running Contract,706406.4
6568,7713,25-02-2021,220440,60,3674,Running Contract,793584
6861,9179,28-02-2021,215040,60,3584,Running Contract,774144
6855,9153,01-03-2021,52236,36,1451,Running Contract,188049.6
7129,10404,01-03-2021,194280,60,3238,Running Contract,699408
5384,2142,07-03-2021,23328,12,1944,Running Contract,83980.8
6859,9167,07-03-2021,272220,60,4537,Running Contract,979992
5772,3906,08-03-2021,334620,60,5577,Running Contract,1204632
5665,3390,11-03-2021,40632,12,3386,Running Contract,146275.2
6495,7274,12-03-2021,49044,12,4087,Running Contract,176558.4
5061,440,13-03-2021,84288,48,1756,Running Contract,303436.8
6948,9560,15-03-2021,157068,36,4363,Running Contract,565444.8
5773,3907,16-03-2021,133848,24,5577,Running Contract,481852.8
6052,5164,23-03-2021,22356,36,621,Running Contract,80481.6
6682,8225,30-03-2021,36204,12,3017,Client in debt,130334.4
6083,5305,31-03-2021,240528,48,5011,Running Contract,865900.8
6962,9646,02-04-2021,279072,48,5814,Running Contract,1004659.2
5158,1004,11-04-2021,188532,36,5237,Running Contract,678715.2
6464,7156,16-04-2021,49488,24,2062,Running Contract,178156.8
5172,1083,16-04-2021,50976,36,1416,Running Contract,183513.6
5582,2982,17-04-2021,41256,12,3438,Running Contract,148521.6
6136,5572,19-04-2021,140880,60,2348,Running Contract,507168
6235,6062,19-04-2021,321360,60,5356,Running Contract,1156896
6508,7437,19-04-2021,110736,48,2307,Running Contract,398649.6
4968,38,19-04-2021,110736,48,2307,Running Contract,398649.6
6632,7990,23-04-2021,144960,48,3020,Running Contract,521856
7195,10774,23-04-2021,339168,48,7066,Running Contract,1221004.8
5525,2720,27-04-2021,93888,36,2608,Running Contract,337996.8
6320,6495,28-04-2021,104964,12,8747,Running Contract,377870.4
6766,8784,28-04-2021,74352,24,3098,Running Contract,267667.2
6872,9227,29-04-2021,191580,60,3193,Running Contract,689688
5906,4533,05-05-2021,81144,36,2254,Running Contract,292118.4
7172,10652,07-05-2021,45720,12,3810,Running Contract,164592
6571,7733,12-05-2021,140064,24,5836,Running Contract,504230.4
5616,3143,15-05-2021,130896,24,5454,Running Contract,471225.6
6312,6453,17-05-2021,10944,36,304,Running Contract,39398.4
6470,7181,17-05-2021,49872,12,4156,Running Contract,179539.2
5147,938,21-05-2021,22260,60,371,Running Contract,80136
5501,2622,21-05-2021,136344,24,5681,Running Contract,490838.4
6436,7049,22-05-2021,495180,60,8253,Running Contract,1782648
5699,3562,24-05-2021,174960,24,7290,Running Contract,629856
5313,1776,27-05-2021,43200,24,1800,Running Contract,155520
6234,6061,28-05-2021,5148,12,429,Running Contract,18532.8
6569,7721,28-05-2021,45456,12,3788,Running Contract,163641.6
7202,10812,29-05-2021,140688,48,2931,Running Contract,506476.8
5683,3460,29-05-2021,140688,48,2931,Running Contract,506476.8
5034,303,30-05-2021,112752,36,3132,Running Contract,405907.2
5435,2279,01-06-2021,314688,48,6556,Running Contract,1132876.8
5815,4116,03-06-2021,151200,36,4200,Running Contract,544320
5589,3005,05-06-2021,390000,48,8125,Running Contract,1404000
6746,8639,06-06-2021,185640,60,3094,Running Contract,668304
6790,8919,08-06-2021,76104,24,3171,Running Contract,273974.4
6857,9159,08-06-2021,69600,48,1450,Running Contract,250560
6450,7099,10-06-2021,234336,48,4882,Running Contract,843609.6
7221,10915,11-06-2021,152460,60,2541,Running Contract,548856
5527,2728,15-06-2021,156420,60,2607,Running Contract,563112
5620,3161,16-06-2021,30012,12,2501,Running Contract,108043.2
6215,5944,18-06-2021,78720,48,1640,Running Contract,283392
7167,10644,18-06-2021,269964,36,7499,Running Contract,971870.4
5823,4144,21-06-2021,212976,36,5916,Running Contract,766713.6
6207,5912,23-06-2021,184620,60,3077,Running Contract,664632
6932,9491,25-06-2021,225504,48,4698,Running Contract,811814.4
5669,3403,27-06-2021,71820,36,1995,Running Contract,258552
5154,993,01-07-2021,108720,60,1812,Running Contract,391392
7168,10645,05-07-2021,208332,36,5787,Running Contract,749995.2
5585,2988,08-07-2021,88608,12,7384,Running Contract,318988.8
7200,10799,11-07-2021,31140,60,519,Running Contract,112104
6539,7559,11-07-2021,12792,12,1066,Running Contract,46051.2
5774,3916,12-07-2021,96984,36,2694,Running Contract,349142.4
6357,6706,12-07-2021,64860,60,1081,Running Contract,233496
5042,330,12-07-2021,331584,48,6908,Running Contract,1193702.4
5015,226,12-07-2021,109344,12,9112,Running Contract,393638.4
5354,2000,14-07-2021,290820,60,4847,Running Contract,1046952
6054,5180,16-07-2021,58764,12,4897,Running Contract,211550.4
7295,11328,18-07-2021,280440,60,4674,Running Contract,1009584
5365,2055,19-07-2021,271260,60,4521,Running Contract,976536
6755,8713,24-07-2021,170700,60,2845,Running Contract,614520
5991,4858,27-07-2021,335184,48,6983,Client in debt,1206662.4
7035,10005,29-07-2021,210744,36,5854,Running Contract,758678.4
5893,4467,03-08-2021,86184,36,2394,Running Contract,310262.4
7164,10613,15-08-2021,249792,48,5204,Running Contract,899251.2
5304,1718,20-08-2021,172272,24,7178,Running Contract,620179.2
5561,2910,29-08-2021,437460,60,7291,Running Contract,1574856
5520,2699,30-08-2021,231168,48,4816,Running Contract,832204.8
5241,1389,02-09-2021,125472,24,5228,Running Contract,451699.2
7096,10257,02-09-2021,37812,12,3151,Running Contract,136123.2
6078,5283,09-09-2021,170832,48,3559,Running Contract,614995.2
5046,349,09-09-2021,42816,12,3568,Running Contract,154137.6
5334,1876,10-09-2021,209040,24,8710,Running Contract,752544
6969,9673,12-09-2021,88200,36,2450,Running Contract,317520
6821,9037,15-09-2021,321936,48,6707,Running Contract,1158969.6
5760,3862,18-09-2021,74916,36,2081,Running Contract,269697.6
5614,3137,21-09-2021,253560,60,4226,Running Contract,912816
7091,10243,22-09-2021,113436,36,3151,Running Contract,408369.6
5698,3556,22-09-2021,174840,60,2914,Running Contract,629424
5169,1068,24-09-2021,253200,60,4220,Running Contract,911520
7294,11327,27-09-2021,39168,24,1632,Running Contract,141004.8
5318,1808,30-09-2021,385584,48,8033,Running Contract,1388102.4
5368,2073,05-10-2021,44640,24,1860,Running Contract,160704
6923,9433,05-10-2021,44640,24,1860,Running Contract,160704
5463,2413,06-10-2021,17952,12,1496,Running Contract,64627.2
5265,1498,07-10-2021,165780,60,2763,Running Contract,596808
6321,6505,08-10-2021,38496,12,3208,Running Contract,138585.6
5226,1318,11-10-2021,185544,36,5154,Running Contract,667958.4
6868,9208,12-10-2021,82128,24,3422,Running Contract,295660.8
4967,37,14-10-2021,318480,60,5308,Client in debt,1146528
5293,1656,29-10-2021,189792,48,3954,Running Contract,683251.2
5865,4354,30-10-2021,327660,60,5461,Running Contract,1179576
5841,4268,04-11-2021,41988,12,3499,Running Contract,151156.8
5526,2725,08-11-2021,69624,36,1934,Running Contract,250646.4
6852,9140,10-11-2021,16032,48,334,Running Contract,57715.2
6469,7180,17-11-2021,99744,24,4156,Running Contract,359078.4
6168,5698,21-11-2021,99216,36,2756,Running Contract,357177.6
7292,11317,22-11-2021,317460,60,5291,Running Contract,1142856
5036,309,25-11-2021,91248,48,1901,Running Contract,328492.8
5644,3293,27-11-2021,276084,36,7669,Running Contract,993902.4
6856,9156,01-12-2021,163332,36,4537,Running Contract,587995.2
5428,2262,02-12-2021,230220,36,6395,Running Contract,828792
5027,276,02-12-2021,160920,36,4470,Running Contract,579312
4989,105,05-12-2021,352704,48,7348,Running Contract,1269734.4
5221,1284,05-12-2021,52512,12,4376,Running Contract,189043.2
6402,6922,06-12-2021,139488,24,5812,Running Contract,502156.8
5346,1928,06-12-2021,55632,24,2318,Running Contract,200275.2
6748,8645,08-12-2021,240900,60,4015,Running Contract,867240
